normalized_segment_label,active_rows,mean_residual,mean_abs_residual,max_abs_residual,weighted_mean_abs_residual,min_depth_m,max_depth_m,observed_log10_min,observed_log10_max,predicted_log10_min,predicted_log10_max
BCD-A32,38,-0.4404174503004341,1.3822723183387857,3.4744237387763093,1.2996857400415318,0.15,3.3,-20.69897000433602,-12.096910013008056,-20.41195437047216,-13.34948500216801
BCD-A33,37,-0.38979862216235484,1.169395866487065,3.451544993495972,1.1538039216005709,0.17,3.3,-21.0,-14.096910013008056,-20.39794000867204,-14.154901959985745
